"5069487-3",
"5122398-3",
"5122542-4",
"5133572-3",
"5133752-3",
"5133826-3",
"5133862-4",
"5133886-3",
"5133886-9",
"5133915-3",
"5133955-3",
"5134017-3",
"5134128-3",
"5134140-3",
"5134174-4",
"5134176-3",
"5134274-4",
"5134471-3",
"5134482-8",
"5134487-8",
"5134499-9",
"5134520-3",
"5134543-4",
"5134674-3",
"5134745-3",
"5134747-3",
"5135077-4",
"5135243-3",
"5135272-3",
"5135639-3",
"5136382-3",
"5136399-3",
"5136481-3",
"5137029-3",
"5137048-4",
"5137631-4",
"5138014-4",
"5138023-3",
"5138099-3",
"5139175-4",
"5139631-3",
"5139811-3",
"5139863-3",
"5140145-3",
"5140147-4",
"5140147-18",
"5140147-32",
"5140150-12",
"5140242-3",
"5140271-12",
"5140282-3",
"5140302-15",
"5140303-14",
"5140303-28",
"5140303-42",
"5140303-56",
"5140304-4",
"5140307-28",
"5140335-12",
"5140335-26",
"5140335-40",
"5140335-54",
"5140335-68",
"5140335-82",
"5140335-96",
"5140335-110",
"5140335-124",
"5140338-34",
"5140455-3",
"5140585-3",
"5140585-17",
"5140586-4",
"5140586-18",
"5140586-32",
"5141808-3",
"5143575-3",
"5144271-3",
"5144755-3",
"5145681-3",
"5147447-3",
"5148129-3",
"5148146-4",
"5149052-3",
"5149053-4",
"5149053-18",
"5149053-32",
"5149053-46",
"5149916-3",
"5149929-4",
"5150067-3",
"5150183-3",
"5150194-3",
"5150221-3",
"5150335-4",
"5150446-4",
"5150506-8",
"5150543-3",
"5150543-17",
"5150544-4",
"5150544-18",
"5150544-32",
"5150544-46",
"5150545-4",
"5150549-4",
"5150549-18",
"5150552-3",
"5151329-3",
"5151333-4",
"5151387-3",
"5151423-12",
"5151423-26",
"5151423-40",
"5151423-54",
"5151423-68",
"5151424-4",
"5151425-16",
"5151426-10",
"5151426-24",
"5151426-38",
"5151496-3",
"5151696-4",
"5151698-15",
"5151710-21",
"5151805-3",
"5151909-3",
"5151914-4",
"5151915-4",
"5151915-18",
"5151915-32",
"5151919-16",
"5151925-4",
"5151928-4",
"5151932-4",
"5152009-3",
"5152187-4",
"5152242-3",
"5152310-3",
"5152389-4",
"5152560-3",
"5152603-11",
"5152737-3",
"5152840-3",
"5152954-3",
"5153000-3",
"5153032-3",
"5153210-3",
"5153334-4",
"5153674-4",
"5154057-3",
"5154215-3",
"5154682-3",
"5154686-3",
"5154694-3",
"5154694-17",
"5154695-4",
"5154695-18",
"5154697-3",
"5154776-4",
"5154976-3",
"5155034-3",
"5155034-17",
"5155034-31",
"5155036-3",
"5155041-13",
"5155064-3",
"5155096-4",
"5155096-18",
"5155096-32",
"5155097-10",
"5155099-3",
"5155099-17",
"5155099-31",
"5155230-4",
"5155339-3",
"5155342-14",
"5155342-28",
"5155348-4",
"5155350-3",
"5155351-4",
"5155351-18",
"5155352-4",
"5155354-4",
"5155355-4",
"5155358-3",
"5155358-17",
"5155401-10",
"5155406-3",
"5155411-4",
"5155424-15",
"5155425-4",
"5155855-3",
"5156381-3",
"5156618-4",
"5156860-3",
"5157371-4",
"5157481-3",
"5158727-3",
"5159404-3",
"5159469-3",
"5159630-3",
"5159684-3",
"5159790-3",
"5159911-3",
"5159916-3",
"5160229-3",
"5160559-3",
"5160667-3",
"5160770-4",
"5160810-3",
"5160813-3",
"5160817-9",
"5160819-3",
"5160824-9",
"5160825-10",
"5160826-4",
"5160827-4",
"5160827-18",
"5160831-4",
"5160831-18",
"5160833-4",
"5160835-3",
"5160838-4",
"5160839-10",
"5160845-16",
"5160846-4",
"5160846-18",
"5160847-4",
"5160848-10",
"5160849-4",
"5160854-4",
"5160862-10",
"5160867-22",
"5160876-4",
"5160879-10",
"5160897-3",
"5160901-3",
"5160903-10",
"5160906-4",
"5160907-16",
"5160907-30",
"5160908-4",
"5160911-15",
"5160913-4",
"5160919-16",
"5160919-30",
"5160924-9",
"5160925-4",
"5160929-4",
"5160929-18",
"5160930-4",
"5160930-18",
"5160933-10",
"5160944-4",
"5160968-4",
"5160984-4",
"5161083-3",
"5161131-3",
"5161177-3",
"5161247-3",
"5161257-3",
"5161266-4",
"5161266-18",
"5161267-4",
"5161278-10",
"5161279-4",
"5161286-4",
"5161294-3",
"5161301-4",
"5161302-4",
"5161512-3",
"5161685-3",
"5161997-4",
"5162041-3",
"5162054-3",
"5162610-3",
"5162620-4",
"5162620-18",
"5162627-4",
"5162629-3",
"5162633-3",
"5162634-4",
"5162635-4",
"5162636-10",
"5162640-10",
"5162641-4",
"5162641-18",
"5162642-4",
"5162647-4",
"5162647-18",
"5162648-10",
"5162652-4",
"5162654-9",
"5162658-9",
"5162658-23",
"5162659-4",
"5162661-3",
"5162662-4",
"5162666-9",
"5162667-10",
"5162668-10",
"5162678-10",
"5162681-8",
"5162689-10",
"5162696-10",
"5162696-24",
"5162702-3",
"5162704-16",
"5162705-4",
"5162709-9",
"5162711-10",
"5162716-3",
"5162721-4",
"5162727-4",
"5162728-4",
"5162744-4",
"5162745-4",
"5162756-4",
"5162756-18",
"5162770-3",
"5162770-17",
"5162773-4",
"5162775-4",
"5162802-3",
"5162836-4",
"5162873-4",
"5163463-3",
"5163549-4",
"5163613-3",
"5163727-3",
"5163945-3",
"5164025-3",
"5164638-3",
"5164667-3",
"5164770-3",
"5165047-4",
"5165178-3",
"5165236-3",
"5165585-3",
"5165981-3",
"5165998-4",
"5166208-4",
"5166540-4",
"5166652-4",
"5166659-4",
"5166787-3",
"5167131-3",
"5168374-4",
"5169684-4",
"5170824-3",
"5171141-4",
"5171349-3",
"5171394-3",
"5171488-3",
"5172070-3",
"5172194-3",
"5174409-3",
"5174846-4",
"5174983-4",
"5175395-3",
"5175811-4",
"5175828-4",
"5177902-3",
"5178926-3",
"5179328-3",
"5179812-3",
"5180158-3",
"5180870-4",
"5182257-4",
"5182532-9",
"5183935-4",
"5184082-4",
"5185366-3",
"5186016-3",
"5186843-3",
"5190858-9",
"5190938-4",
"5191011-10",
"5191495-4",
"5191881-3",
"5192359-3",
"5194173-3",
"5194242-3",
"5194546-3",
"5194555-3",
"5194558-4",
"5194558-18",
"5194560-8",
"5194563-4",
"5194566-4",
"5194568-4",
"5194570-4",
"5194573-4",
"5194574-16",
"5194626-4",
"5194637-4",
"5194638-4",
"5194639-4",
"5194640-4",
"5194641-4",
"5194644-4",
"5194644-18",
"5194646-4",
"5194646-18",
"5194742-3",
"5194746-9",
"5194747-4",
"5194747-18",
"5194750-4",
"5194752-3",
"5194763-4",
"5194766-3",
"5194766-17",
"5194771-4",
"5194773-4",
"5194834-4",
"5194840-4",
"5194840-18",
"5194844-4",
"5194844-18",
"5194849-16",
"5194852-15",
"5194854-3",
"5194863-4",
"5194989-3",
"5195213-10",
"5195301-3",
"5195312-3",
"5196508-4",
"5196627-3",
"5197803-3",
"5197880-4",
"5198658-3",
"5198667-3",
"5200172-3",
"5202982-3",
"5203166-3",
"5204186-4",
"5208072-3",
"5208562-3",
"5209581-4",
"5209823-3",
"5209824-4",
"5209829-15",
"5209830-4",
"5209831-4",
"5209831-18",
"5209833-3",
"5209834-10",
"5209835-4",
"5209839-9",
"5210066-3",
"5210068-3",
"5210071-3",
"5210072-4",
"5210074-9",
"5210074-23",
"5210078-15",
"5210079-4",
"5210080-22",
"5210098-4",
"5210226-3",
"5210226-17",
"5210226-31",
"5210226-45",
"5210227-4",
"5210227-18",
"5210231-4",
"5210235-4",
"5210238-4",
"5210245-4",
"5213529-3",
"5213966-3",
"5218026-3",
"5218174-3",
"5218591-16",
"5218998-3",
"5220332-3",
"5220951-3",
"5221044-3",
"5222405-3",
"5222406-4",
"5222409-3",
"5222410-10",
"5222411-4",
"5222614-4",
"5222630-8",
"5222630-22",
"5222631-4",
"5222638-4",
"5222638-18",
"5222899-3",
"5222902-9",
"5222903-4",
"5222907-9",
"5222909-4",
"5223120-3",
"5223775-4",
"5224899-3",
"5225960-9",
"5226857-3",
"5231454-3",
"5231454-17",
"5231454-31",
"5231454-45",
"5231458-3",
"5231614-3",
"5231619-3",
"5231619-17",
"5231621-4",
"5231624-9",
"5231744-3",
"5231745-4",
"5231746-4",
"5231747-4",
"5231747-18",
"5232861-3",
"5233135-3",
"5233850-3",
"5235486-3",
"5236145-3",
"5237665-3",
"5238594-11",
"5238606-3",
"5250687-4",
"5251109-3",
"5251130-4",
"5251417-4",
"5251425-3",
"5251498-3",
"5251578-4",
"5251804-3",
"5251827-3",
"5252175-4",
"5252312-4",
"5252312-18",
"5252312-32",
"5252312-46",
"5252312-60",
"5252316-4",
"5252316-18",
"5252316-32",
"5252317-4",
"5252917-4",
"5252979-3",
"5252979-17",
"5252980-10",
"5252980-24",
"5252980-38",
"5252981-4",
"5252981-18",
"5252982-4",
"5252984-3",
"5252991-3",
"5254522-3",
"5255666-3",
"5255763-3",
"5256223-3",
"5256823-4",
"5257012-3",
"5257970-3",
"5258928-3",
"5259165-3",
"5260151-3",
"5260908-4",
"5260915-3",
"5260922-3",
"5260926-4",
"5260930-3",
"5260934-4",
"5260938-4",
"5260941-3",
"5260946-4",
"5260953-3",
"5260957-3",
"5260958-4",
"5260962-3",
"5260963-4",
"5260967-3",
"5260975-3",
"5260984-3",
"5260994-3",
"5261011-3",
"5261016-3",
"5261021-3",
"5261026-3",
"5261030-3",
"5261035-4",
"5261037-3",
"5261043-3",
"5261048-4",
"5261055-3",
"5261066-3",
"5261072-4",
"5261085-3",
"5261086-4",
"5261090-3",
"5261093-4",
"5261098-4",
"5261101-3",
"5261103-3",
"5261110-3",
"5261114-3",
"5261121-4",
"5261125-3",
"5261130-4",
"5261136-4",
"5261141-3",
"5261146-3",
"5261152-4",
"5261161-3",
"5261165-4",
"5261170-4",
"5261173-3",
"5261180-3",
"5261186-3",
"5261190-4",
"5261204-4",
"5261211-3",
"5261215-3",
"5261218-3",
"5261226-3",
"5261230-4",
"5261246-4",
"5261258-3",
"5261261-4",
"5261267-4",
"5261287-4",
"5261291-3",
"5261295-3",
"5261299-4",
"5261301-3",
"5261304-4",
"5261307-3",
"5261311-9",
"5261315-3",
"5261321-4",
"5261326-9",
"5261331-10",
"5261334-3",
"5261338-3",
"5261341-9",
"5261346-3",
"5261350-4",
"5261354-4",
"5261357-4",
"5261361-4",
"5261365-3",
"5261371-3",
"5261374-3",
"5261378-3",
"5261382-3",
"5261387-4",
"5261391-3",
"5261399-3",
"5261402-3",
"5261407-3",
"5261409-3",
"5261411-4",
"5261414-3",
"5261417-3",
"5261429-3",
"5261434-3",
"5261439-4",
"5261443-3",
"5261447-4",
"5261450-3",
"5261462-4",
"5261466-4",
"5261469-3",
"5261477-3",
"5261477-17",
"5261477-31",
"5261481-3",
"5261485-3",
"5261492-3",
"5261496-3",
"5261501-3",
"5261509-3",
"5261513-4",
"5261520-4",
"5261531-3",
"5261537-3",
"5261554-3",
"5261558-3",
"5261562-3",
"5261576-3",
"5261579-3",
"5261585-4",
"5261589-3",
"5261592-3",
"5261599-3",
"5261603-3",
"5261607-3",
"5261613-3",
"5261617-3",
"5261622-4",
"5261626-3",
"5261629-3",
"5261637-4",
"5261642-9",
"5261648-4",
"5261649-10",
"5261663-3",
"5261665-4",
"5261675-3",
"5261678-4",
"5261681-4",
"5261686-4",
"5261693-3",
"5261695-3",
"5261709-9",
"5261713-4",
"5261717-3",
"5261721-3",
"5261725-4",
"5261731-3",
"5261741-9",
"5261743-4",
"5261748-4",
"5261752-3",
"5261757-3",
"5261765-4",
"5261774-3",
"5261782-3",
"5261789-3",
"5261794-3",
"5261797-4",
"5261801-3",
"5261804-4",
"5261812-3",
"5261817-3",
"5261821-3",
"5261826-4",
"5261831-3",
"5261835-3",
"5261840-3",
"5261844-3",
"5261848-3",
"5261853-3",
"5261859-3",
"5261866-4",
"5261872-4",
"5261877-4",
"5261881-4",
"5261889-3",
"5261896-11",
"5261899-3",
"5261902-4",
"5261905-4",
"5261908-3",
"5261911-4",
"5261916-3",
"5261919-4",
"5261922-3",
"5263032-3",
"5263034-4",
"5263037-3",
"5263037-17",
"5263038-4",
"5263076-4",
"5263079-3",
"5263080-4",
"5263083-3",
"5263084-4",
"5263084-18",
"5263092-4",
"5263094-4",
"5263098-4",
"5263104-4",
"5263108-3",
"5263108-17",
"5263108-31",
"5263110-3",
"5263112-3",
"5263113-4",
"5263113-18",
"5263114-4",
"5263114-18",
"5263115-4",
"5263116-4",
"5263118-3",
"5263121-3",
"5263121-17",
"5263124-3",
"5263127-3",
"5263134-3",
"5263139-4",
"5263141-4",
"5263146-3",
"5263149-3",
"5263191-3",
"5263314-4",
"5263314-18",
"5263314-32",
"5263314-46",
"5263315-4",
"5263315-18",
"5263320-4",
"5263321-4",
"5263323-4",
"5263326-4",
"5263326-18",
"5263328-4",
"5263328-18",
"5263329-4",
"5263339-4",
"5264483-3",
"5264486-3",
"5264487-4",
"5264488-4",
"5264488-18",
"5264489-4",
"5264491-3",
"5264491-17",
"5264493-3",
"5264495-3",
"5265136-4",
"5265136-18",
"5265136-32",
"5265136-46",
"5265137-4",
"5265137-18",
"5265137-32",
"5265138-4",
"5265138-18",
"5265138-32",
"5265139-4",
"5265139-18",
"5265141-3",
"5265141-17",
"5265142-4",
"5265142-18",
"5265148-4",
"5265152-4",
"5265152-18",
"5265165-4",
"5265286-4",
"5265368-3",
"5265370-3",
"5265372-4",
"5265373-4",
"5265374-4",
"5265374-18",
"5265375-4",
"5265377-3",
"5265382-4",
"5265383-4",
"5265565-4",
"5265637-8",
"5265692-3",
"5265692-17",
"5265692-31",
"5265693-4",
"5265694-4",
"5268347-4",
"5268459-3",
"5268759-3",
"5268921-3",
"5269575-3",
"5272122-3",
"5272269-3",
"5272791-3",
"5274946-3",
"5275435-4",
"5275873-3",
"5276754-3",
"5276839-3",
"5278285-3",
"5278293-3",
"5278299-3",
"5278302-3",
"5278307-3",
"5278313-4",
"5278317-4",
"5278324-3",
"5278328-3",
"5278332-3",
"5278558-4",
"5278593-3",
"5278611-3",
"5278620-3",
"5278620-17",
"5278635-8",
"5278908-4",
"5280734-4",
"5280748-4",
"5280752-4",
"5280757-3",
"5280764-3",
"5280766-4",
"5280772-4",
"5280779-3",
"5280787-4",
"5280791-3",
"5280803-4",
"5280803-18",
"5280809-3",
"5280815-3",
"5280822-4",
"5280830-3",
"5280837-3",
"5280846-3",
"5280859-4",
"5280865-3",
"5280876-4",
"5280883-3",
"5280896-3",
"5280905-4",
"5280909-3",
"5280945-3",
"5280953-3",
"5280980-3",
"5280995-3",
"5281000-3",
"5281008-4",
"5281010-3",
"5281015-4",
"5281024-3",
"5281028-3",
"5281035-4",
"5281042-4",
"5281047-3",
"5281055-9",
"5281062-3",
"5281066-3",
"5281076-4",
"5281083-4",
"5281092-3",
"5281101-3",
"5281108-3",
"5281128-3",
"5281134-3",
"5281145-3",
"5281157-9",
"5281165-3",
"5281187-3",
"5281217-4",
"5281223-3",
"5281232-3",
"5281240-3",
"5281247-4",
"5281262-4",
"5281269-3",
"5281275-3",
"5281281-3",
"5281287-3",
"5281299-3",
"5281305-3",
"5281312-4",
"5281319-3",
"5281326-4",
"5281336-3",
"5281338-4",
"5281344-3",
"5281352-3",
"5282537-3",
"5285604-3",
"5285629-3",
"5285644-3",
"5285652-3",
"5285657-3",
"5285661-4",
"5285666-3",
"5285671-3",
"5285764-3",
"5285767-3",
"5285774-3",
"5285782-3",
"5285786-3",
"5285791-3",
"5285799-3",
"5285804-3",
"5285809-3",
"5285814-3",
"5285819-3",
"5285824-3",
"5285828-3",
"5285832-4",
"5285837-3",
"5285842-3",
"5285847-3",
"5285852-3",
"5285864-3",
"5286282-3",
"5286289-3",
"5286294-3",
"5286301-3",
"5286700-3",
"5286716-4",
"5286751-3",
"5286785-3",
"5286792-3",
"5286798-3",
"5286805-3",
"5286852-3",
"5286860-3",
"5286863-4",
"5286870-3",
"5286875-3",
"5286883-3",
"5286889-3",
"5286894-3",
"5286904-3",
"5286905-4",
"5286918-3",
"5286923-3",
"5286931-3",
"5286934-3",
"5286941-3",
"5286949-3",
"5286953-3",
"5286960-3",
"5286967-3",
"5287133-3",
"5287140-3",
"5287145-3",
"5287150-3",
"5287155-3",
"5287165-3",
"5287170-3",
"5287174-3",
"5287188-3",
"5287202-3",
"5287208-3",
"5287213-3",
"5287219-3",
"5287224-3",
"5287233-3",
"5287238-3",
"5287247-3",
"5287248-4",
"5287256-3",
"5287267-3",
"5287273-3",
"5287291-3",
"5287297-3",
"5287306-3",
"5287309-3",
"5287323-3",
"5287329-3",
"5287334-3",
"5287357-3",
"5287391-4",
"5287419-3",
"5287426-4",
"5287433-3",
"5287440-3",
"5287450-3",
"5287485-4",
"5287492-3",
"5288118-3",
"5288206-3",
"5288214-4",
"5288261-8",
"5288268-4",
"5288272-3",
"5288342-3",
"5288360-3",
"5288366-3",
"5288374-4",
"5288380-3",
"5288407-4",
"5288414-3",
"5288427-3",
"5288434-3",
"5288436-3",
"5288441-3",
"5288447-3",
"5288452-3",
"5288459-3",
"5288467-3",
"5288480-3",
"5288486-3",
"5288495-3",
"5288503-3",
"5288511-3",
"5288531-4",
"5288537-3",
"5288548-4",
"5288885-3",
"5289486-3",
"5289553-3",
"5290151-3",
"5292113-4",
"5294323-3",
"5294733-9",
"5295698-3",
"5304143-3",
"5304495-4",
"5305704-3",
"5306660-3",
"5315357-3",
"5316808-4",
"5321537-4",
"5322549-4",
"5322912-4",
"5324605-3",
"5325123-3",
"5327233-3",
"5331146-3",
"5331696-3",
"5333092-3",
"5333610-3",
"5333652-3",
"5333694-3",
"5333742-3",
"5336182-3",
"5336205-3",
